mean_fit_time,std_fit_time,mean_score_time,std_score_time,param_classifier__n_estimators,param_classifier__min_samples_split,param_classifier__min_samples_leaf,param_classifier__max_features,param_classifier__max_depth,param_classifier__class_weight,params,split0_test_score,split1_test_score,split2_test_score,split3_test_score,split4_test_score,mean_test_score,std_test_score,rank_test_score,split0_train_score,split1_train_score,split2_train_score,split3_train_score,split4_train_score,mean_train_score,std_train_score
10.59839563369751,3.56006847620324,6.366348314285278,0.621182058864753,800,2,4,sqrt,8,,"{'classifier__n_estimators': 800, 'classifier__min_samples_split': 2, 'classifier__min_samples_leaf': 4, 'classifier__max_features': 'sqrt', 'classifier__max_depth': 8, 'classifier__class_weight': None}",0.4449760765550239,0.5138888888888888,0.5223529411764706,0.5239179954441914,0.41708542713567837,0.4844442658400506,0.04462550826187064,30,0.6041317699609157,0.6154696132596685,0.5790671217292378,0.576155162578437,0.5644599303135889,0.5878567195683695,0.018915297390640323
20.296341323852538,0.6615946129008059,2.934986639022827,0.4106324907730966,800,10,1,log2,20,,"{'classifier__n_estimators': 800, 'classifier__min_samples_split': 10, 'classifier__min_samples_leaf': 1, 'classifier__max_features': 'log2', 'classifier__max_depth': 20, 'classifier__class_weight': None}",0.5802469135802469,0.5780590717299579,0.6040816326530613,0.6374501992031872,0.6,0.5999675634332907,0.021404488507208063,22,0.8571428571428571,0.8568773234200744,0.8576726935558646,0.8429442100328176,0.8584686774941995,0.8546211523291627,0.005863712788070391
5.781081962585449,3.0784823487257595,6.091216611862182,0.5804456294243131,200,2,4,log2,20,balanced_subsample,"{'classifier__n_estimators': 200, 'classifier__min_samples_split': 2, 'classifier__min_samples_leaf': 4, 'classifier__max_features': 'log2', 'classifier__max_depth': 20, 'classifier__class_weight': 'balanced_subsample'}",0.6695035460992907,0.6541244573082489,0.6694796061884669,0.6823204419889503,0.6656760772659732,0.668220825770186,0.009024549028787812,8,0.7963224893917963,0.7978723404255319,0.7819971870604782,0.7813148788927335,0.7776223776223776,0.7870258546785835,0.008371401235590178
21.83948645591736,1.447713401135293,10.881901264190674,3.160571610550794,800,2,4,sqrt,,balanced,"{'classifier__n_estimators': 800, 'classifier__min_samples_split': 2, 'classifier__min_samples_leaf': 4, 'classifier__max_features': 'sqrt', 'classifier__max_depth': None, 'classifier__class_weight': 'balanced'}",0.6809728183118741,0.6637554585152838,0.6608946608946609,0.6941678520625889,0.6891271056661562,0.6777835790901128,0.01333652854011299,3,0.819164265129683,0.8250272826482358,0.8163412870571222,0.8173042545584555,0.8154783231816554,0.8186630825150303,0.0034098113415311888
94.32988195419311,2.9186548668446153,6.80584568977356,1.500440635098187,600,5,1,,20,balanced_subsample,"{'classifier__n_estimators': 600, 'classifier__min_samples_split': 5, 'classifier__min_samples_leaf': 1, 'classifier__max_features': None, 'classifier__max_depth': 20, 'classifier__class_weight': 'balanced_subsample'}",0.6519524617996605,0.6608996539792388,0.6181172291296625,0.6802721088435374,0.6424682395644283,0.6507419386633055,0.020540210644051298,17,0.9799196787148594,0.9815112540192926,0.9795427196149218,0.9783653846153846,0.9799357945425361,0.979854966301399,0.001007011568751026
75.24886798858643,3.8798211487363727,11.298359155654907,3.0321520144758725,400,2,2,,,balanced_subsample,"{'classifier__n_estimators': 400, 'classifier__min_samples_split': 2, 'classifier__min_samples_leaf': 2, 'classifier__max_features': None, 'classifier__max_depth': None, 'classifier__class_weight': 'balanced_subsample'}",0.6755852842809364,0.6677852348993288,0.64,0.6802721088435374,0.6522522522522523,0.6631789760552109,0.01499311519921237,11,0.9818913480885312,0.980722891566265,0.980722891566265,0.9815112540192926,0.9830917874396136,0.9815880345359934,0.0008781926747798431
68.90684695243836,8.718117615891133,6.2884557247161865,1.1596868388806554,400,5,1,,20,balanced_subsample,"{'classifier__n_estimators': 400, 'classifier__min_samples_split': 5, 'classifier__min_samples_leaf': 1, 'classifier__max_features': None, 'classifier__max_depth': 20, 'classifier__class_weight': 'balanced_subsample'}",0.6507666098807495,0.6563039723661486,0.6216696269982238,0.6814310051107325,0.6425992779783394,0.6505540984668388,0.019411756416564768,18,0.9787404733253109,0.9811169144234633,0.9799357945425361,0.9768,0.9787404733253109,0.9790667311233243,0.0014359304354847403
22.789297103881836,10.483050853680925,5.030199098587036,1.136158473609145,800,5,2,log2,12,balanced,"{'classifier__n_estimators': 800, 'classifier__min_samples_split': 5, 'classifier__min_samples_leaf': 2, 'classifier__max_features': 'log2', 'classifier__max_depth': 12, 'classifier__class_weight': 'balanced'}",0.6576454668470907,0.6582278481012658,0.6610878661087866,0.6829931972789116,0.6570605187319885,0.6634029794136087,0.009892361984639478,9,0.7576276996914638,0.760027662517289,0.7525773195876289,0.7522004062288422,0.7467665078284548,0.7538399191707358,0.004624948808517317
13.152081060409547,0.7046450954505354,4.904979228973389,0.24854953866632523,400,10,2,log2,16,balanced,"{'classifier__n_estimators': 400, 'classifier__min_samples_split': 10, 'classifier__min_samples_leaf': 2, 'classifier__max_features': 'log2', 'classifier__max_depth': 16, 'classifier__class_weight': 'balanced'}",0.6801152737752162,0.6656934306569343,0.6657101865136298,0.6853932584269663,0.6707132018209409,0.6735250702387375,0.007932190916747425,5,0.8134381701215153,0.8091493924231594,0.8025659301496793,0.7984550561797753,0.797316384180791,0.8041849866109839,0.006211245866377651
17.077035856246948,1.2737499078193233,5.258840036392212,2.2970221497167507,800,5,2,log2,12,,"{'classifier__n_estimators': 800, 'classifier__min_samples_split': 5, 'classifier__min_samples_leaf': 2, 'classifier__max_features': 'log2', 'classifier__max_depth': 12, 'classifier__class_weight': None}",0.48868778280542985,0.5389755011135857,0.5739514348785872,0.5781584582441114,0.5149425287356322,0.5389431411554693,0.03424924294156545,29,0.7243523316062176,0.7431472081218274,0.7240845796802475,0.717628705148206,0.721038961038961,0.7260503571190919,0.008889186671252422
22.594702339172365,2.8657301986788175,6.141433572769165,2.8606062324573203,200,10,1,,,balanced,"{'classifier__n_estimators': 200, 'classifier__min_samples_split': 10, 'classifier__min_samples_leaf': 1, 'classifier__max_features': None, 'classifier__max_depth': None, 'classifier__class_weight': 'balanced'}",0.6655896607431341,0.66996699669967,0.6432160804020101,0.6861788617886179,0.6493055555555556,0.6628514310377975,0.015305789357054716,12,0.9477817039654496,0.9456819069949199,0.9480671612651308,0.9474509803921569,0.9467084639498433,0.9471380433134999,0.0008579464116221558
23.927503681182863,0.8077015824930303,2.386060047149658,1.6787652874514356,200,5,2,,12,balanced,"{'classifier__n_estimators': 200, 'classifier__min_samples_split': 5, 'classifier__min_samples_leaf': 2, 'classifier__max_features': None, 'classifier__max_depth': 12, 'classifier__class_weight': 'balanced'}",0.6736842105263158,0.6749226006191951,0.6574074074074074,0.7018072289156626,0.6859903381642513,0.6787623571265664,0.01469608795628523,1,0.8904779826872412,0.8981585869973694,0.8925744440256314,0.8870728083209509,0.8828560803272592,0.8902279804716905,0.005152920244350055
14.116745615005494,1.1244366122123102,1.9215084075927735,2.224201541168732,400,5,4,sqrt,8,balanced,"{'classifier__n_estimators': 400, 'classifier__min_samples_split': 5, 'classifier__min_samples_leaf': 4, 'classifier__max_features': 'sqrt', 'classifier__max_depth': 8, 'classifier__class_weight': 'balanced'}",0.6428571428571429,0.657030223390276,0.655440414507772,0.6779220779220779,0.6630286493860846,0.6592557016126707,0.011411315767210767,13,0.6883202099737533,0.6901960784313725,0.6886304909560723,0.6819948186528497,0.6900393184796855,0.6878361832987466,0.0030136242985953124
7.742451763153076,3.075029949746181,7.3861329555511475,1.1288027542241104,400,5,4,sqrt,,,"{'classifier__n_estimators': 400, 'classifier__min_samples_split': 5, 'classifier__min_samples_leaf': 4, 'classifier__max_features': 'sqrt', 'classifier__max_depth': None, 'classifier__class_weight': None}",0.5898989898989899,0.588957055214724,0.6254980079681275,0.6431372549019608,0.6188524590163934,0.6132687534000391,0.021024102037520382,21,0.7982832618025751,0.800381133873273,0.7988587731811697,0.7791706846673095,0.8003793266951161,0.7954146360438887,0.008164206080693086
9.67540364265442,0.7395608675776696,6.639596319198608,0.2888460786235725,200,2,2,sqrt,,balanced,"{'classifier__n_estimators': 200, 'classifier__min_samples_split': 2, 'classifier__min_samples_leaf': 2, 'classifier__max_features': 'sqrt', 'classifier__max_depth': None, 'classifier__class_weight': 'balanced'}",0.6666666666666666,0.6522462562396006,0.6623376623376623,0.7055016181229773,0.6792452830188679,0.6731994972771549,0.018328525201929236,6,0.9408538973756365,0.9486475891807135,0.9396182313985196,0.9460842188114915,0.9469548133595285,0.944431750025178,0.0035451598727066786
24.215131855010988,0.48936626385242,4.17081208229065,1.064017156565421,800,2,1,sqrt,12,balanced,"{'classifier__n_estimators': 800, 'classifier__min_samples_split': 2, 'classifier__min_samples_leaf': 1, 'classifier__max_features': 'sqrt', 'classifier__max_depth': 12, 'classifier__class_weight': 'balanced'}",0.6790299572039943,0.6578947368421053,0.6676384839650146,0.6875891583452212,0.6646433990895296,0.6713591470891729,0.010606503116188883,7,0.8212351029252438,0.8213641284734753,0.8114490161001789,0.8081023454157783,0.8065086664308454,0.8137318518691045,0.006381653586782772
22.477963829040526,0.8673047419014454,3.262391185760498,0.680153037919414,200,10,2,,16,,"{'classifier__n_estimators': 200, 'classifier__min_samples_split': 10, 'classifier__min_samples_leaf': 2, 'classifier__max_features': None, 'classifier__max_depth': 16, 'classifier__class_weight': None}",0.6464285714285715,0.6389891696750902,0.644927536231884,0.6654740608228981,0.6542056074766355,0.6500049891270159,0.009130793429981392,19,0.8937664618086041,0.8887908208296558,0.8926850635129215,0.8890845070422535,0.8916083916083916,0.8911870489603653,0.0019615065454999785
14.741534185409545,0.5635140979715563,3.6705066680908205,0.7620968162858011,400,10,1,log2,12,,"{'classifier__n_estimators': 400, 'classifier__min_samples_split': 10, 'classifier__min_samples_leaf': 1, 'classifier__max_features': 'log2', 'classifier__max_depth': 12, 'classifier__class_weight': None}",0.49658314350797267,0.5562913907284768,0.54627539503386,0.5745140388768899,0.5339366515837104,0.5415201239461819,0.026100737966203946,28,0.7082242011524358,0.7385554425228891,0.7191709844559585,0.7033542976939203,0.7231404958677686,0.7184890843385945,0.012322247695688418
12.998861026763915,1.6394093704812474,3.7403562545776365,0.37982843622752266,600,2,4,log2,12,balanced,"{'classifier__n_estimators': 600, 'classifier__min_samples_split': 2, 'classifier__min_samples_leaf': 4, 'classifier__max_features': 'log2', 'classifier__max_depth': 12, 'classifier__class_weight': 'balanced'}",0.643979057591623,0.6603518267929634,0.6657645466847091,0.6888297872340425,0.6573033707865169,0.6632457178179709,0.01466819277573533,10,0.7270297360507851,0.7303295225285811,0.7270279367216426,0.7215946843853821,0.7234468937875751,0.7258857546947932,0.0030568504252249194
47.635274505615236,3.4185685966718484,6.403745222091675,0.3489284540670909,400,2,1,,12,,"{'classifier__n_estimators': 400, 'classifier__min_samples_split': 2, 'classifier__min_samples_leaf': 1, 'classifier__max_features': None, 'classifier__max_depth': 12, 'classifier__class_weight': None}",0.6524822695035462,0.6425992779783394,0.6436363636363637,0.6810035842293907,0.6479400749063671,0.6535323140508014,0.014173972836093472,15,0.9412269412269412,0.9490800171159607,0.9381220250973604,0.9428448646325741,0.9484092863284609,0.9439366268802594,0.004214334602170425
108.16983528137207,0.7721292045259178,3.657426643371582,0.8376002430863969,800,2,2,,12,,"{'classifier__n_estimators': 800, 'classifier__min_samples_split': 2, 'classifier__min_samples_leaf': 2, 'classifier__max_features': None, 'classifier__max_depth': 12, 'classifier__class_weight': None}",0.6475849731663685,0.6498194945848376,0.644808743169399,0.6774774774774774,0.6567164179104478,0.6552814212617061,0.011776833782034837,14,0.9198606271777003,0.9229429690901175,0.9171029668411868,0.9167030091583079,0.919249236141423,0.9191717616817471,0.0022395175549515716
13.938474225997926,1.4864787395354078,6.532251596450806,0.36982276732458347,200,5,4,sqrt,12,,"{'classifier__n_estimators': 200, 'classifier__min_samples_split': 5, 'classifier__min_samples_leaf': 4, 'classifier__max_features': 'sqrt', 'classifier__max_depth': 12, 'classifier__class_weight': None}",0.5630252100840336,0.587991718426501,0.6079664570230608,0.6097560975609756,0.5847457627118644,0.5906970491612871,0.017146119540601808,23,0.7362637362637363,0.7563106796116504,0.729093640460691,0.7155963302752294,0.7334669338677354,0.7341462640958085,0.013159297423841667
12.335661506652832,1.403766961563216,6.0018352508544925,0.3887465326237757,200,2,4,sqrt,12,,"{'classifier__n_estimators': 200, 'classifier__min_samples_split': 2, 'classifier__min_samples_leaf': 4, 'classifier__max_features': 'sqrt', 'classifier__max_depth': 12, 'classifier__class_weight': None}",0.5630252100840336,0.587991718426501,0.6079664570230608,0.6097560975609756,0.5847457627118644,0.5906970491612871,0.017146119540601808,23,0.7362637362637363,0.7563106796116504,0.729093640460691,0.7155963302752294,0.7334669338677354,0.7341462640958085,0.013159297423841667
62.57879505157471,2.607590046845847,2.6775887489318846,1.3302900938976636,400,10,4,,16,,"{'classifier__n_estimators': 400, 'classifier__min_samples_split': 10, 'classifier__min_samples_leaf': 4, 'classifier__max_features': None, 'classifier__max_depth': 16, 'classifier__class_weight': None}",0.6488413547237076,0.6402877697841727,0.6486486486486487,0.6654740608228981,0.6541353383458647,0.6514774344650583,0.008284075611788188,16,0.8689898544331716,0.8622540250447227,0.8696808510638298,0.8580357142857142,0.8643617021276596,0.8646644293910196,0.004329326623174708
44.13333926200867,0.8356390812480113,4.292393636703491,1.8506098534212876,200,2,2,,12,balanced_subsample,"{'classifier__n_estimators': 200, 'classifier__min_samples_split': 2, 'classifier__min_samples_leaf': 2, 'classifier__max_features': None, 'classifier__max_depth': 12, 'classifier__class_weight': 'balanced_subsample'}",0.6706766917293233,0.6790697674418604,0.6615146831530139,0.7031963470319634,0.6785714285714286,0.678605783585518,0.013855601636576547,2,0.8976497346474602,0.901355421686747,0.9001512859304085,0.8915393216548639,0.8873134328358209,0.8956018393510601,0.005351575125337546
12.762832117080688,9.830967023413113,11.962980365753173,1.9777425901356986,400,10,2,log2,16,,"{'classifier__n_estimators': 400, 'classifier__min_samples_split': 10, 'classifier__min_samples_leaf': 2, 'classifier__max_features': 'log2', 'classifier__max_depth': 16, 'classifier__class_weight': None}",0.5387931034482759,0.5627705627705628,0.6,0.6090534979423868,0.5813449023861171,0.5783924133094686,0.025408087928634835,26,0.7725918570009931,0.7869332033154559,0.7752475247524753,0.7627118644067796,0.7835051546391752,0.7761979208229757,0.008537243382706387
153.94740476608277,0.7648706534247004,1.616588258743286,0.50226777453451,800,2,1,,,balanced_subsample,"{'classifier__n_estimators': 800, 'classifier__min_samples_split': 2, 'classifier__min_samples_leaf': 1, 'classifier__max_features': None, 'classifier__max_depth': None, 'classifier__class_weight': 'balanced_subsample'}",0.6159420289855072,0.6313868613138686,0.5996204933586338,0.6858168761220825,0.6238185255198487,0.6313169570599882,0.029214813928582346,20,1.0,1.0,1.0,1.0,1.0,1.0,0.0
41.73759732246399,6.965258366080129,11.694933462142945,2.7777855035442403,600,2,2,log2,20,,"{'classifier__n_estimators': 600, 'classifier__min_samples_split': 2, 'classifier__min_samples_leaf': 2, 'classifier__max_features': 'log2', 'classifier__max_depth': 20, 'classifier__class_weight': None}",0.559322033898305,0.5720338983050848,0.5845511482254697,0.6153846153846154,0.5859872611464968,0.5834557913919942,0.018654521380702182,25,0.8587412587412587,0.8623087621696801,0.861652739090065,0.8454673555659934,0.8658649398704903,0.8588070110874975,0.007044508783661114
47.34884266853332,1.0962476172107007,10.013647079467773,1.188162961976763,600,10,4,log2,,,"{'classifier__n_estimators': 600, 'classifier__min_samples_split': 10, 'classifier__min_samples_leaf': 4, 'classifier__max_features': 'log2', 'classifier__max_depth': None, 'classifier__class_weight': None}",0.5367965367965368,0.5658747300215983,0.6079664570230608,0.6074380165289256,0.5614035087719298,0.5758958498284102,0.027794385033819077,27,0.7439759036144579,0.7570509648688768,0.7522477522477522,0.738430583501006,0.755,0.7493410408464185,0.007039012648212287
67.62852797508239,1.0261881438255167,8.27706823348999,1.5314452198915491,800,5,2,log2,20,balanced_subsample,"{'classifier__n_estimators': 800, 'classifier__min_samples_split': 5, 'classifier__min_samples_leaf': 2, 'classifier__max_features': 'log2', 'classifier__max_depth': 20, 'classifier__class_weight': 'balanced_subsample'}",0.683969465648855,0.6635367762128326,0.6554878048780488,0.7021276595744681,0.6752411575562701,0.6760725727740949,0.016265291766668646,4,0.8943768996960486,0.8960546282245827,0.8900642236494144,0.8922495274102079,0.8832831325301205,0.8912056823020749,0.00444360735605315
