mean_fit_time,std_fit_time,mean_score_time,std_score_time,param_classifier__min_samples_leaf,param_classifier__max_leaf_nodes,param_classifier__max_iter,param_classifier__max_depth,param_classifier__learning_rate,param_classifier__l2_regularization,param_classifier__class_weight,params,split0_test_score,split1_test_score,split2_test_score,split3_test_score,split4_test_score,mean_test_score,std_test_score,rank_test_score,split0_train_score,split1_train_score,split2_train_score,split3_train_score,split4_train_score,mean_train_score,std_train_score
5.75156192779541,1.2803985756171141,0.570231819152832,0.38574670300762526,30,63,200,4,0.03,0.1,balanced,"{'classifier__min_samples_leaf': 30, 'classifier__max_leaf_nodes': 63, 'classifier__max_iter': 200, 'classifier__max_depth': 4, 'classifier__learning_rate': 0.03, 'classifier__l2_regularization': 0.1, 'classifier__class_weight': 'balanced'}",0.7261624743705524,0.7399135919242013,0.7606310639627977,0.7901129753432732,0.7475848140382845,0.7528809839278218,0.021708829305815084,3,0.8166470835005201,0.8162889048396262,0.8073562038148611,0.8041037606034561,0.8132923145778787,0.8115376534672685,0.004990125946053285
23.421179056167603,3.3008560261573723,1.3688557624816895,0.8132911696489836,10,63,500,6,0.1,0.0,,"{'classifier__min_samples_leaf': 10, 'classifier__max_leaf_nodes': 63, 'classifier__max_iter': 500, 'classifier__max_depth': 6, 'classifier__learning_rate': 0.1, 'classifier__l2_regularization': 0.0, 'classifier__class_weight': None}",0.6989550797611611,0.7017233260613743,0.713118436281486,0.7521369713176695,0.7173861791182508,0.7166639985079883,0.019017117829108393,19,1.0,1.0,1.0,1.0,1.0,1.0,0.0
6.781875848770142,1.7319081615581295,0.25687131881713865,0.11886724743284054,30,15,200,6,0.08,2.0,,"{'classifier__min_samples_leaf': 30, 'classifier__max_leaf_nodes': 15, 'classifier__max_iter': 200, 'classifier__max_depth': 6, 'classifier__learning_rate': 0.08, 'classifier__l2_regularization': 2.0, 'classifier__class_weight': None}",0.7294940230851283,0.7315197325258421,0.7518425911891126,0.7848572005061387,0.746747004256389,0.7488921103125221,0.019924255710439334,8,0.9011567101948346,0.89924992720497,0.8909969873034297,0.8918256361731732,0.8979476659028749,0.8962353853558565,0.004077389052134747
5.854173278808593,1.34893656012095,0.22906551361083985,0.1184367722478315,50,31,100,8,0.05,2.0,,"{'classifier__min_samples_leaf': 50, 'classifier__max_leaf_nodes': 31, 'classifier__max_iter': 100, 'classifier__max_depth': 8, 'classifier__learning_rate': 0.05, 'classifier__l2_regularization': 2.0, 'classifier__class_weight': None}",0.729019988347226,0.7450579819029627,0.7569472887642748,0.7864499363555748,0.7495868769670946,0.7534124144674266,0.01888594674076179,2,0.864650619824635,0.8686485283213143,0.8613687662480461,0.8557102872101598,0.8613301097872451,0.86234166227828,0.004267381976282378
7.996279716491699,1.0316073910109143,0.49647860527038573,0.30343062498207024,10,15,200,10,0.15,2.0,balanced,"{'classifier__min_samples_leaf': 10, 'classifier__max_leaf_nodes': 15, 'classifier__max_iter': 200, 'classifier__max_depth': 10, 'classifier__learning_rate': 0.15, 'classifier__l2_regularization': 2.0, 'classifier__class_weight': 'balanced'}",0.7062673729184188,0.7256749701452111,0.7346537123016275,0.7684059549604987,0.7269425961136664,0.7323889212878845,0.02029497908339902,14,0.9502271751063597,0.9495922764084496,0.946184691245326,0.9460863815787142,0.9493104554819478,0.9482801959641595,0.0017763827926933265
6.54551248550415,1.5046305878450192,0.26900668144226075,0.1037363555874886,10,31,100,,0.08,2.0,balanced,"{'classifier__min_samples_leaf': 10, 'classifier__max_leaf_nodes': 31, 'classifier__max_iter': 100, 'classifier__max_depth': None, 'classifier__learning_rate': 0.08, 'classifier__l2_regularization': 2.0, 'classifier__class_weight': 'balanced'}",0.7250972266735677,0.7384151893767608,0.7533064141976616,0.7814231233128658,0.7410555229511443,0.7478594953024001,0.01902522471867979,9,0.9117647239717874,0.9111691760809235,0.9054507910595677,0.9019100858816239,0.908494685926878,0.9077578925841561,0.0036811405289405357
14.989892196655273,1.7673652563190354,0.7216524124145508,0.5900298458154838,30,63,200,10,0.1,2.0,,"{'classifier__min_samples_leaf': 30, 'classifier__max_leaf_nodes': 63, 'classifier__max_iter': 200, 'classifier__max_depth': 10, 'classifier__learning_rate': 0.1, 'classifier__l2_regularization': 2.0, 'classifier__class_weight': None}",0.7165037060239661,0.7121842961684333,0.7254906375716923,0.7663819869353514,0.7265238727294288,0.7294168998857742,0.019255731661303892,15,0.9991309197408204,0.9995787109249914,0.99859178008054,0.9975231694851627,0.9995303225651693,0.9988709805593368,0.0007612792034755407
8.731711053848267,1.7321877716497878,0.5489063739776612,0.236110843454616,20,15,300,,0.05,0.0,balanced,"{'classifier__min_samples_leaf': 20, 'classifier__max_leaf_nodes': 15, 'classifier__max_iter': 300, 'classifier__max_depth': None, 'classifier__learning_rate': 0.05, 'classifier__l2_regularization': 0.0, 'classifier__class_weight': 'balanced'}",0.719397478231526,0.7323527998713598,0.7513994650582386,0.7759087266091034,0.7390827339227324,0.7436282407385921,0.0191695004947957,10,0.9075356983169648,0.9072900908752061,0.9032610507069914,0.900919250103778,0.9061881028144123,0.9050388385634704,0.002559484036210543
19.444895029067993,1.846434685452817,0.5449691772460937,0.3504021459877942,30,63,300,10,0.05,0.0,,"{'classifier__min_samples_leaf': 30, 'classifier__max_leaf_nodes': 63, 'classifier__max_iter': 300, 'classifier__max_depth': 10, 'classifier__learning_rate': 0.05, 'classifier__l2_regularization': 0.0, 'classifier__class_weight': None}",0.7094089556623397,0.7156972285257399,0.7282442235163596,0.7589140993543912,0.7273757307542199,0.72792804756261,0.01704752255230553,16,0.9985167677768123,0.9982542532756337,0.9974445412378922,0.9967818987390735,0.9980608895862859,0.9978116701231394,0.0006245583416657987
3.390333080291748,0.7784809184217717,0.25911684036254884,0.03534665718686809,30,63,100,6,0.1,1.0,,"{'classifier__min_samples_leaf': 30, 'classifier__max_leaf_nodes': 63, 'classifier__max_iter': 100, 'classifier__max_depth': 6, 'classifier__learning_rate': 0.1, 'classifier__l2_regularization': 1.0, 'classifier__class_weight': None}",0.7265224443036148,0.7399160838366139,0.7548657577735972,0.7875303639753446,0.7512561263705673,0.7520181552519475,0.020328787006874027,5,0.9122540676301111,0.9076598615482918,0.9019042358937767,0.9016098526249573,0.9068919324664727,0.9060639900327219,0.0039671715307819
2.636651372909546,0.8646663390579229,0.29091768264770507,0.20543928157179858,30,63,100,4,0.1,2.0,,"{'classifier__min_samples_leaf': 30, 'classifier__max_leaf_nodes': 63, 'classifier__max_iter': 100, 'classifier__max_depth': 4, 'classifier__learning_rate': 0.1, 'classifier__l2_regularization': 2.0, 'classifier__class_weight': None}",0.7273096917623175,0.741829368584376,0.759670581389258,0.7913671145507921,0.7538575365122989,0.7548068585598086,0.02138092027107038,1,0.8424703689040988,0.8411236680770359,0.8349472568024844,0.8315021078925534,0.8412778883343777,0.83826425800211,0.004282026009693869
8.481820392608643,1.6448931191577936,0.6390244483947753,0.46016115540626357,10,63,200,6,0.1,2.0,balanced,"{'classifier__min_samples_leaf': 10, 'classifier__max_leaf_nodes': 63, 'classifier__max_iter': 200, 'classifier__max_depth': 6, 'classifier__learning_rate': 0.1, 'classifier__l2_regularization': 2.0, 'classifier__class_weight': 'balanced'}",0.7210068393570094,0.7298054690261155,0.7429292988825315,0.7737205145363814,0.7381399606653155,0.7411204164934706,0.017930452232232247,11,0.970675185523966,0.9744233525341931,0.9651013640298172,0.9645759158981844,0.9695514169530796,0.968865446987848,0.0036661811168716986
6.931975173950195,0.7171296941476564,0.31072344779968264,0.1483952603366565,50,63,300,4,0.08,2.0,balanced,"{'classifier__min_samples_leaf': 50, 'classifier__max_leaf_nodes': 63, 'classifier__max_iter': 300, 'classifier__max_depth': 4, 'classifier__learning_rate': 0.08, 'classifier__l2_regularization': 2.0, 'classifier__class_weight': 'balanced'}",0.712437732678957,0.724015509569198,0.7515532672511803,0.78285032178363,0.729749537236714,0.7401212737039359,0.02485883756595246,12,0.8778892611437848,0.8762917709883388,0.864409671063218,0.8695730074637124,0.8696333969530765,0.871559421522426,0.004924151585460944
4.632813405990601,1.5048398804930463,0.5270319938659668,0.437769802660002,50,63,200,4,0.05,2.0,balanced,"{'classifier__min_samples_leaf': 50, 'classifier__max_leaf_nodes': 63, 'classifier__max_iter': 200, 'classifier__max_depth': 4, 'classifier__learning_rate': 0.05, 'classifier__l2_regularization': 2.0, 'classifier__class_weight': 'balanced'}",0.7201272334238303,0.737799660478572,0.7562390705182764,0.7902328158680478,0.7442306341956535,0.749725882896876,0.023374113124608353,7,0.8240831875049489,0.826425386798694,0.8148169733881889,0.8182914478909568,0.8233634736073333,0.8213960938380243,0.004226310342741996
11.24041576385498,3.8662601004100328,0.4975785732269287,0.3339583499809613,30,31,200,8,0.15,0.1,balanced,"{'classifier__min_samples_leaf': 30, 'classifier__max_leaf_nodes': 31, 'classifier__max_iter': 200, 'classifier__max_depth': 8, 'classifier__learning_rate': 0.15, 'classifier__l2_regularization': 0.1, 'classifier__class_weight': 'balanced'}",0.710972196791217,0.7060782731147861,0.711615099955391,0.7512678375058881,0.7206487536506276,0.720116432203582,0.01627054406161487,17,0.9992187689449088,0.9992003152449958,0.9988815107686149,0.9987425197897855,0.9990076891185261,0.9990101607733661,0.00018322921230376732
3.996634006500244,0.4766330072729508,0.15171222686767577,0.053760045937307356,20,31,100,,0.08,0.1,,"{'classifier__min_samples_leaf': 20, 'classifier__max_leaf_nodes': 31, 'classifier__max_iter': 100, 'classifier__max_depth': None, 'classifier__learning_rate': 0.08, 'classifier__l2_regularization': 0.1, 'classifier__class_weight': None}",0.7300913639739535,0.7449315492592065,0.7494357340011482,0.7829827665814243,0.746670017439254,0.7508222862509972,0.017423732546579133,6,0.9459534980831913,0.9455295457463228,0.9459352769434218,0.9453489011218189,0.9429347342788992,0.9451403912347308,0.0011271935282469359
2.5485127449035643,0.6066148240800648,0.4821618556976318,0.37854936444021703,20,15,100,4,0.1,0.0,,"{'classifier__min_samples_leaf': 20, 'classifier__max_leaf_nodes': 15, 'classifier__max_iter': 100, 'classifier__max_depth': 4, 'classifier__learning_rate': 0.1, 'classifier__l2_regularization': 0.0, 'classifier__class_weight': None}",0.7281861953400037,0.7370841436281127,0.7541226391163174,0.7904631800326906,0.7542180679872683,0.7528148452208786,0.0213312064387494,4,0.8526356976834849,0.8539319472555121,0.8477814716887175,0.8479936546585722,0.8589396580840651,0.8522564858740704,0.00414278276419324
18.864048051834107,2.8431956281139708,0.4591233253479004,0.2797928081777532,50,63,200,,0.15,1.0,balanced,"{'classifier__min_samples_leaf': 50, 'classifier__max_leaf_nodes': 63, 'classifier__max_iter': 200, 'classifier__max_depth': None, 'classifier__learning_rate': 0.15, 'classifier__l2_regularization': 1.0, 'classifier__class_weight': 'balanced'}",0.7049151416146632,0.7053564798481347,0.7001233165864141,0.7469982470097429,0.7142453490246418,0.7143277068167193,0.016960041144581554,20,1.0,1.0,1.0,1.0,1.0,1.0,0.0
16.278841495513916,1.0411880860584806,0.6620638847351075,0.15465641313710377,20,15,500,10,0.1,0.0,balanced,"{'classifier__min_samples_leaf': 20, 'classifier__max_leaf_nodes': 15, 'classifier__max_iter': 500, 'classifier__max_depth': 10, 'classifier__learning_rate': 0.1, 'classifier__l2_regularization': 0.0, 'classifier__class_weight': 'balanced'}",0.6983413003749481,0.711283231295036,0.7176201609283037,0.7453685830585549,0.7112529007378099,0.7167732352789304,0.015612569674380622,18,0.996445857843982,0.997443015239201,0.9950012686969674,0.997052867520898,0.99572339596537,0.9963332810532837,0.0008841046227013973
20.041514730453493,0.9657986029992867,0.17148566246032715,0.01872693417048357,20,63,300,,0.03,0.5,,"{'classifier__min_samples_leaf': 20, 'classifier__max_leaf_nodes': 63, 'classifier__max_iter': 300, 'classifier__max_depth': None, 'classifier__learning_rate': 0.03, 'classifier__l2_regularization': 0.5, 'classifier__class_weight': None}",0.7151155655019467,0.7218224991985368,0.7387533335155948,0.7703021433931012,0.73308151738774,0.7358150117993839,0.019129691360156197,13,0.9968073168938993,0.9959218101931175,0.9957860692082539,0.9952112235864583,0.9960721023026549,0.9959597044368769,0.0005143712486722945
