param_classifier__n_neighbors,param_classifier__weights,param_classifier__p,mean_train_score,mean_test_score,std_test_score
21,distance,2,1.0,0.7488447790180756,0.013286317743889001
21,uniform,2,0.7767310478663456,0.7475431394782396,0.012041329213477767
15,uniform,2,0.7869900367865539,0.7429424019045511,0.010568991999994547
31,distance,1,1.0,0.7424927538945184,0.01235602677063585
15,uniform,1,0.7819242645811242,0.7417868863645097,0.018848205207709256
31,distance,2,1.0,0.7413337267374484,0.017167273986833934
15,distance,2,1.0,0.7411129540530981,0.007966554911629615
15,distance,1,1.0,0.7406141331215595,0.016623512462240045
21,distance,1,1.0,0.7402200343238642,0.01584794008309995
31,uniform,2,0.7680408145065124,0.7392145090557068,0.020177522730676155
31,uniform,1,0.7649153642138758,0.7392136450433646,0.010964278946612283
11,distance,1,1.0,0.7384776036832259,0.02104862367747418
7,distance,2,1.0,0.7375984804318042,0.01574475298677088
21,uniform,1,0.7756924962111998,0.73748277038733,0.01577710855076519
7,uniform,2,0.8044416175425427,0.7359736901381018,0.015247379956575383
11,uniform,1,0.7917233519766397,0.7358653926058911,0.020365341846199102
11,uniform,2,0.793349604271937,0.7343322252809342,0.01277403420912216
11,distance,2,1.0,0.733429576272328,0.012246790865138628
7,distance,1,1.0,0.7304034683826341,0.021752540919089375
7,uniform,1,0.8042637857579417,0.7273316247744464,0.020162088741143763
5,distance,2,1.0,0.7252736792178659,0.01369843985975549
5,uniform,2,0.8184825429176932,0.7237870206611555,0.013458497370188532
5,distance,1,1.0,0.7175961699077769,0.01750657900257014
5,uniform,1,0.8221703041919847,0.71754735110993,0.014677665232665817
3,distance,2,1.0,0.7031764331099015,0.010779728635961341
3,uniform,2,0.856809760731475,0.7025991026741818,0.011253998607343376
3,uniform,1,0.8542874618034333,0.6948388621516548,0.013227872246214413
3,distance,1,1.0,0.6941546297093039,0.01657973916850872
